Lorem ipsum indoor plants,43,534,#abc3,product description,hhhh
Cillum dolore garden lorem ipsum tools,24,33,#abc4,product description,product short description
Gardenia Jasminoides,43,33,#abc5,product description,product short description
Ponytail Palm,23,13,#abc6,product description,product short description
Flamingo Plant,12,84,#abc7,product description,product short description
Heartleaf Philodendron,23,33,#abc8,product description,product short description
Anthurium Turenza,42,76,#abc9,product description,product short description
Dragon Tree Plant,25,33,#abc10,product description,product short description
Oilcloth Flower,12,33,#abc11,product description,product short description
Dragon Tree Plant,32,143,#abc12,product description,product short description
Flamingo Plant,26,33,#abc13,product description,product short description
Calathea Makoyana,28,33,#abc14,product description,product short description
Yucca Plant,30,43,#abc15,product description,product short description
Oilcloth Flower,20,33,#abc16,product description,product short description
Ponytail Palm,27,143,#abc17,product description,product short description
Anthurium Turenza,23,33,#abc18,product description,product short description
Oilcloth Flower,28,34,#abc19,product description,product short description
Oilcloth Flower,23,12,#abc20,product description,product short description
